,PK,TAMb
0,"g*â©-Tã""",çÎÏHI`«Ô¨	¥æMþFr­xNæê±pe'Ã¥!
1,\ùOÑd0­FÛ»ÄUØ¢À: ©ÊËáÎG+)?ãTïrÀêz,
2,"IjI&acqRjµ(ÃGìgV=Zt ©¸°Ñ¦?æd!Çdjjhg.oÔÀëãÃó¼|i\""é¢Ó«|ÓEá8ö|+v§Ù_Ô«<Ó1à¦8'/ííÝö¾¬f¬¬Ýlë+~Ýr¶~\?ú/BëµÙÏÑÁ¯PK",T\#
3,"íMº<,éûÎEGçè8yóî.bèòx`Ù/ÛÖ»·/ÞàW2$A0§¯ðÀ",
4,¥L^µZi,
5,,:XÎv|öÄíÊÚt4màãñx8¶ËÒpàQ»Âôl¿¤A	´£iÐdØöÚ®¦ªSOÓ÷}ßëh
6,[OÓkwÝÓÆ­Ðx,
7,¾ñOÃ®Æ«Ðtëi&'ý®k¤éhBFãëzµå@Ó ,r:gB|Ïöö¥%2Ïïù
8,"ëN<gV°]ÏÏär#»ÝöX}öOGn#×©À³""×F$EÈ-ºä8µI",
9,"2?jP¤	1¡ø´Æ¬à}·¾Èß÷«o=W¡XIÚøFâsæsÑlû¥FÑöU¼Ü£Xß4ª5,ÅÖxÀñ­<ÍA$&©9~MHþ+¥ÚþÓ@ð/$úJi³#§t&Íè3ÁF¯uhÒ<zþù5",
10,"g³F!i»ð¯$­Â+B>b6rµ¶q©`ZÆÑxNÒ´üY¬5>`ÈìÍuÎÖ^7B>bÎ¿8Jí¢qXý^ÃIÁèËfý¸~Õ3l,÷GÔJä&§?é24£Y	½Vjª4>¨2",
11,ñ¹>åzx,
12,"7Æ¼P®{ÿÑÚ7Â«øÀ9.}Ï¥ï¹ô=¡Ò·7#}gÁÓ[ÞFn[Äû®1Ú×4.(cWrÍÈÇT¯)Ø9Àìýh>ñíúÙ$¯Y-#K³A$¸üÊð*Ä	èd[%	ËTÓe7BnéSõJ×å¯¹(¸<[äé¯¡t>,Ïù<_ç´Í3C·rKê¶¾µ&8Jô±ÌpNË",g<¶w 5ûö]vä#¥0SC¸B¾mºÜ:8¹
13,oAÕ@å?ÛÔ,
14,hö,
15,4^1¶6£äN,
16,<Üþï,
17,°ÂÄáí¿PK,TFü
18,MÉlcoZ¨¬$XÍó´Í=<Õ,BÁ£ì®®¹9@ê}÷âsâI¶	§
19,a|Îì¶3³nònòy7ùâåG²«ëÓ=nhm$¡ 2ÉÍgºdÍñ¾=¨ö9YiD]·Ã®0N@ÿ­ñ¸ûþòòåoPK,TÒñFR
20,,
21,xÊc[QØòÄÎö8e	,
22,ák>%hHÁôÚ¨np^ð%Êó²@FC^Ø	Ê !Êóø!}ó=ËÎß¹ìú×qóPK,T·GëÀ
23,ëºs´ew,
24,õø®Ã#JCZÙq3KÿÍÜÏ,
25,±ÕZÞçÔ4XÁªÞ|Z³ÁhAr¾ÅÎ«öïtí[,
26,K£Æö÷sü%«·cÌ:g=VyC@ÕX#uHNÿ¦Rµrâ~¹|*xOõùzµZî-eÏo£	¾ÊXÌ³§1±gU¹Ñ%ãâàõJñE(¹rÈÁÆD\pB³!ô+áTøzl+½HÇi¢³éhËËgºumè öKJ	¤Æ-GÑÅ4ñaüÞÍn`¹HäÔm,
27,Ùµçlé«ÈBÈ\9ädíÙ'Þq,
28,úV8Oø#¤vðÅ°Ìów'ý[y¡ýï{Ö¯¥ÆO,
29,,
30,,
